Workbook

Sheet 키움raw
A1: 주식채권 | B1: 주문번호 | C1: 원주문번호 | D1: 종목번호 | E1: 매매구분 | F1: 주문유형구분 | G1: 주문수량 | H1: 주문단가 | I1: 확인수량 | J1: 체결번호 | K1: 스톱가 | L1: 스톱가 | N1: 💡 사용법
A2: 주문일자 | B2: 종목명 | C2: 접수구분 | D2: 신용거래구분 | E2: 체결수량 | F2: 체결평균단가 | G2: 정정/취소 | H2: 통신 | I2: 예약/반대 | J2: 체결시간 | K2: 거래소 | N2: 1. 키움 체결내역을 헤더 포함 통째로 복사
A3: 주식 | B3: 73447 | D3: 195870 | E3: 지정가 | F3: 현금매도 | G3: 20 | H3: 93200 | I3: 0 | J3: 5216 | K3: 0 | N3: 2. 이 시트 A1 셀에 붙여넣기 (헤더 덮어써짐 - 정상)
A4: 46170 | B4: 해성디에스 | C4: 접수 | D4: 보통매매 | E4: 8 | F4: 93200 | H4: 영웅문S# | J4: 0.35646991 | K4: SOR | N4: 3. "평탄화" 시트에 자동 변환됨
A5: 주식 | B5: 73447 | D5: 195870 | E5: 지정가 | F5: 현금매도 | G5: 20 | H5: 93200 | I5: 0 | J5: 5217 | K5: 0 | N5: 4. 계좌번호는 평탄화 시트 B1에 입력
A6: 46170 | B6: 해성디에스 | C6: 접수 | D6: 보통매매 | E6: 5 | F6: 93200 | H6: 영웅문S# | J6: 0.35650463 | K6: SOR | N6: ※ 데이터 3행부터 2줄/건 구조 유지 필수
A7: 주식 | B7: 73447 | D7: 195870 | E7: 지정가 | F7: 현금매도 | G7: 20 | H7: 93200 | I7: 0 | J7: 5218 | K7: 0
A8: 46170 | B8: 해성디에스 | C8: 접수 | D8: 보통매매 | E8: 7 | F8: 93200 | H8: 영웅문S# | J8: 0.35652778 | K8: SOR

Sheet 평탄화
A1: 계좌번호 → | D1: ⬅ 여기에 계좌번호 입력하면 A열에 자동 채워짐
A2: 계좌번호 | B2: 거래일자 | C2: 거래소 | D2: 종목명 | E2: 거래종류 | F2: 거래수량 | G2: 거래단가 | L2: 정산금액 | P2: 예수금 | X2: 종목코드 | Y2: rationale | Z2: 체결 | AA2: 체결일
A3: =IF(INDEX(키움raw!A:A,2*ROW()-2)="","",$B$1) -> 0 | B3: =IF(INDEX(키움raw!A:A,2*ROW()-2)="","",INDEX(키움raw!A:A,2*ROW()-2)) -> 46170 | C3: =IF(INDEX(키움raw!A:A,2*ROW()-2)="","",INDEX(키움raw!K:K,2*ROW()-2)) -> SOR | D3: =IF(INDEX(키움raw!A:A,2*ROW()-2)="","",INDEX(키움raw!B:B,2*ROW()-2)) -> 해성디에스 | E3: =IF(INDEX(키움raw!A:A,2*ROW()-2)="","",INDEX(키움raw!D:D,2*ROW()-2)&" "&SUBSTITUTE(SUBSTITUTE(INDEX(키움raw!F:F,2*ROW()-3),"현금매수","장내매수"),"현금매도","장내매도")) -> 보통매매 장내매도 | F3: =IF(INDEX(키움raw!A:A,2*ROW()-2)="","",INDEX(키움raw!E:E,2*ROW()-2)) -> 8 | G3: =IF(INDEX(키움raw!A:A,2*ROW()-2)="","",INDEX(키움raw!F:F,2*ROW()-2)) -> 93200 | L3: =G3*F3 -> 745600 | X3: =IF(INDEX(키움raw!A:A,2*ROW()-2)="","",TEXT(INDEX(키움raw!D:D,2*ROW()-3),"000000")) -> 195870 | AA3: =IF(INDEX(키움raw!A:A,2*ROW()-2)="","",INDEX(키움raw!A:A,2*ROW()-2)) -> 46170
A4: =IF(INDEX(키움raw!A:A,2*ROW()-2)="","",$B$1) -> 0 | B4: =IF(INDEX(키움raw!A:A,2*ROW()-2)="","",INDEX(키움raw!A:A,2*ROW()-2)) -> 46170 | C4: =IF(INDEX(키움raw!A:A,2*ROW()-2)="","",INDEX(키움raw!K:K,2*ROW()-2)) -> SOR | D4: =IF(INDEX(키움raw!A:A,2*ROW()-2)="","",INDEX(키움raw!B:B,2*ROW()-2)) -> 해성디에스 | E4: =IF(INDEX(키움raw!A:A,2*ROW()-2)="","",INDEX(키움raw!D:D,2*ROW()-2)&" "&SUBSTITUTE(SUBSTITUTE(INDEX(키움raw!F:F,2*ROW()-3),"현금매수","장내매수"),"현금매도","장내매도")) -> 보통매매 장내매도 | F4: =IF(INDEX(키움raw!A:A,2*ROW()-2)="","",INDEX(키움raw!E:E,2*ROW()-2)) -> 5 | G4: =IF(INDEX(키움raw!A:A,2*ROW()-2)="","",INDEX(키움raw!F:F,2*ROW()-2)) -> 93200 | L4: =G4*F4 -> 466000 | X4: =IF(INDEX(키움raw!A:A,2*ROW()-2)="","",TEXT(INDEX(키움raw!D:D,2*ROW()-3),"000000")) -> 195870 | AA4: =IF(INDEX(키움raw!A:A,2*ROW()-2)="","",INDEX(키움raw!A:A,2*ROW()-2)) -> 46170
A5: =IF(INDEX(키움raw!A:A,2*ROW()-2)="","",$B$1) -> 0 | B5: =IF(INDEX(키움raw!A:A,2*ROW()-2)="","",INDEX(키움raw!A:A,2*ROW()-2)) -> 46170 | C5: =IF(INDEX(키움raw!A:A,2*ROW()-2)="","",INDEX(키움raw!K:K,2*ROW()-2)) -> SOR | D5: =IF(INDEX(키움raw!A:A,2*ROW()-2)="","",INDEX(키움raw!B:B,2*ROW()-2)) -> 해성디에스 | E5: =IF(INDEX(키움raw!A:A,2*ROW()-2)="","",INDEX(키움raw!D:D,2*ROW()-2)&" "&SUBSTITUTE(SUBSTITUTE(INDEX(키움raw!F:F,2*ROW()-3),"현금매수","장내매수"),"현금매도","장내매도")) -> 보통매매 장내매도 | F5: =IF(INDEX(키움raw!A:A,2*ROW()-2)="","",INDEX(키움raw!E:E,2*ROW()-2)) -> 7 | G5: =IF(INDEX(키움raw!A:A,2*ROW()-2)="","",INDEX(키움raw!F:F,2*ROW()-2)) -> 93200 | L5: =G5*F5 -> 652400 | X5: =IF(INDEX(키움raw!A:A,2*ROW()-2)="","",TEXT(INDEX(키움raw!D:D,2*ROW()-3),"000000")) -> 195870 | AA5: =IF(INDEX(키움raw!A:A,2*ROW()-2)="","",INDEX(키움raw!A:A,2*ROW()-2)) -> 46170
A6: =IF(INDEX(키움raw!A:A,2*ROW()-2)="","",$B$1) | B6: =IF(INDEX(키움raw!A:A,2*ROW()-2)="","",INDEX(키움raw!A:A,2*ROW()-2)) | C6: =IF(INDEX(키움raw!A:A,2*ROW()-2)="","",INDEX(키움raw!K:K,2*ROW()-2)) | D6: =IF(INDEX(키움raw!A:A,2*ROW()-2)="","",INDEX(키움raw!B:B,2*ROW()-2)) | E6: =IF(INDEX(키움raw!A:A,2*ROW()-2)="","",INDEX(키움raw!D:D,2*ROW()-2)&" "&SUBSTITUTE(SUBSTITUTE(INDEX(키움raw!F:F,2*ROW()-3),"현금매수","장내매수"),"현금매도","장내매도")) | F6: =IF(INDEX(키움raw!A:A,2*ROW()-2)="","",INDEX(키움raw!E:E,2*ROW()-2)) | G6: =IF(INDEX(키움raw!A:A,2*ROW()-2)="","",INDEX(키움raw!F:F,2*ROW()-2)) | X6: =IF(INDEX(키움raw!A:A,2*ROW()-2)="","",TEXT(INDEX(키움raw!D:D,2*ROW()-3),"000000")) | AA6: =IF(INDEX(키움raw!A:A,2*ROW()-2)="","",INDEX(키움raw!A:A,2*ROW()-2))
A7: =IF(INDEX(키움raw!A:A,2*ROW()-2)="","",$B$1) | B7: =IF(INDEX(키움raw!A:A,2*ROW()-2)="","",INDEX(키움raw!A:A,2*ROW()-2)) | C7: =IF(INDEX(키움raw!A:A,2*ROW()-2)="","",INDEX(키움raw!K:K,2*ROW()-2)) | D7: =IF(INDEX(키움raw!A:A,2*ROW()-2)="","",INDEX(키움raw!B:B,2*ROW()-2)) | E7: =IF(INDEX(키움raw!A:A,2*ROW()-2)="","",INDEX(키움raw!D:D,2*ROW()-2)&" "&SUBSTITUTE(SUBSTITUTE(INDEX(키움raw!F:F,2*ROW()-3),"현금매수","장내매수"),"현금매도","장내매도")) | F7: =IF(INDEX(키움raw!A:A,2*ROW()-2)="","",INDEX(키움raw!E:E,2*ROW()-2)) | G7: =IF(INDEX(키움raw!A:A,2*ROW()-2)="","",INDEX(키움raw!F:F,2*ROW()-2)) | X7: =IF(INDEX(키움raw!A:A,2*ROW()-2)="","",TEXT(INDEX(키움raw!D:D,2*ROW()-3),"000000")) | AA7: =IF(INDEX(키움raw!A:A,2*ROW()-2)="","",INDEX(키움raw!A:A,2*ROW()-2))
A8: =IF(INDEX(키움raw!A:A,2*ROW()-2)="","",$B$1) | B8: =IF(INDEX(키움raw!A:A,2*ROW()-2)="","",INDEX(키움raw!A:A,2*ROW()-2)) | C8: =IF(INDEX(키움raw!A:A,2*ROW()-2)="","",INDEX(키움raw!K:K,2*ROW()-2)) | D8: =IF(INDEX(키움raw!A:A,2*ROW()-2)="","",INDEX(키움raw!B:B,2*ROW()-2)) | E8: =IF(INDEX(키움raw!A:A,2*ROW()-2)="","",INDEX(키움raw!D:D,2*ROW()-2)&" "&SUBSTITUTE(SUBSTITUTE(INDEX(키움raw!F:F,2*ROW()-3),"현금매수","장내매수"),"현금매도","장내매도")) | F8: =IF(INDEX(키움raw!A:A,2*ROW()-2)="","",INDEX(키움raw!E:E,2*ROW()-2)) | G8: =IF(INDEX(키움raw!A:A,2*ROW()-2)="","",INDEX(키움raw!F:F,2*ROW()-2)) | X8: =IF(INDEX(키움raw!A:A,2*ROW()-2)="","",TEXT(INDEX(키움raw!D:D,2*ROW()-3),"000000")) | AA8: =IF(INDEX(키움raw!A:A,2*ROW()-2)="","",INDEX(키움raw!A:A,2*ROW()-2))
A9: =IF(INDEX(키움raw!A:A,2*ROW()-2)="","",$B$1) | B9: =IF(INDEX(키움raw!A:A,2*ROW()-2)="","",INDEX(키움raw!A:A,2*ROW()-2)) | C9: =IF(INDEX(키움raw!A:A,2*ROW()-2)="","",INDEX(키움raw!K:K,2*ROW()-2)) | D9: =IF(INDEX(키움raw!A:A,2*ROW()-2)="","",INDEX(키움raw!B:B,2*ROW()-2)) | E9: =IF(INDEX(키움raw!A:A,2*ROW()-2)="","",INDEX(키움raw!D:D,2*ROW()-2)&" "&SUBSTITUTE(SUBSTITUTE(INDEX(키움raw!F:F,2*ROW()-3),"현금매수","장내매수"),"현금매도","장내매도")) | F9: =IF(INDEX(키움raw!A:A,2*ROW()-2)="","",INDEX(키움raw!E:E,2*ROW()-2)) | G9: =IF(INDEX(키움raw!A:A,2*ROW()-2)="","",INDEX(키움raw!F:F,2*ROW()-2)) | X9: =IF(INDEX(키움raw!A:A,2*ROW()-2)="","",TEXT(INDEX(키움raw!D:D,2*ROW()-3),"000000")) | AA9: =IF(INDEX(키움raw!A:A,2*ROW()-2)="","",INDEX(키움raw!A:A,2*ROW()-2))
A10: =IF(INDEX(키움raw!A:A,2*ROW()-2)="","",$B$1) | B10: =IF(INDEX(키움raw!A:A,2*ROW()-2)="","",INDEX(키움raw!A:A,2*ROW()-2)) | C10: =IF(INDEX(키움raw!A:A,2*ROW()-2)="","",INDEX(키움raw!K:K,2*ROW()-2)) | D10: =IF(INDEX(키움raw!A:A,2*ROW()-2)="","",INDEX(키움raw!B:B,2*ROW()-2)) | E10: =IF(INDEX(키움raw!A:A,2*ROW()-2)="","",INDEX(키움raw!D:D,2*ROW()-2)&" "&SUBSTITUTE(SUBSTITUTE(INDEX(키움raw!F:F,2*ROW()-3),"현금매수","장내매수"),"현금매도","장내매도")) | F10: =IF(INDEX(키움raw!A:A,2*ROW()-2)="","",INDEX(키움raw!E:E,2*ROW()-2)) | G10: =IF(INDEX(키움raw!A:A,2*ROW()-2)="","",INDEX(키움raw!F:F,2*ROW()-2)) | X10: =IF(INDEX(키움raw!A:A,2*ROW()-2)="","",TEXT(INDEX(키움raw!D:D,2*ROW()-3),"000000")) | AA10: =IF(INDEX(키움raw!A:A,2*ROW()-2)="","",INDEX(키움raw!A:A,2*ROW()-2))
A11: =IF(INDEX(키움raw!A:A,2*ROW()-2)="","",$B$1) | B11: =IF(INDEX(키움raw!A:A,2*ROW()-2)="","",INDEX(키움raw!A:A,2*ROW()-2)) | C11: =IF(INDEX(키움raw!A:A,2*ROW()-2)="","",INDEX(키움raw!K:K,2*ROW()-2)) | D11: =IF(INDEX(키움raw!A:A,2*ROW()-2)="","",INDEX(키움raw!B:B,2*ROW()-2)) | E11: =IF(INDEX(키움raw!A:A,2*ROW()-2)="","",INDEX(키움raw!D:D,2*ROW()-2)&" "&SUBSTITUTE(SUBSTITUTE(INDEX(키움raw!F:F,2*ROW()-3),"현금매수","장내매수"),"현금매도","장내매도")) | F11: =IF(INDEX(키움raw!A:A,2*ROW()-2)="","",INDEX(키움raw!E:E,2*ROW()-2)) | G11: =IF(INDEX(키움raw!A:A,2*ROW()-2)="","",INDEX(키움raw!F:F,2*ROW()-2)) | X11: =IF(INDEX(키움raw!A:A,2*ROW()-2)="","",TEXT(INDEX(키움raw!D:D,2*ROW()-3),"000000")) | AA11: =IF(INDEX(키움raw!A:A,2*ROW()-2)="","",INDEX(키움raw!A:A,2*ROW()-2))
A12: =IF(INDEX(키움raw!A:A,2*ROW()-2)="","",$B$1) | B12: =IF(INDEX(키움raw!A:A,2*ROW()-2)="","",INDEX(키움raw!A:A,2*ROW()-2)) | C12: =IF(INDEX(키움raw!A:A,2*ROW()-2)="","",INDEX(키움raw!K:K,2*ROW()-2)) | D12: =IF(INDEX(키움raw!A:A,2*ROW()-2)="","",INDEX(키움raw!B:B,2*ROW()-2)) | E12: =IF(INDEX(키움raw!A:A,2*ROW()-2)="","",INDEX(키움raw!D:D,2*ROW()-2)&" "&SUBSTITUTE(SUBSTITUTE(INDEX(키움raw!F:F,2*ROW()-3),"현금매수","장내매수"),"현금매도","장내매도")) | F12: =IF(INDEX(키움raw!A:A,2*ROW()-2)="","",INDEX(키움raw!E:E,2*ROW()-2)) | G12: =IF(INDEX(키움raw!A:A,2*ROW()-2)="","",INDEX(키움raw!F:F,2*ROW()-2)) | X12: =IF(INDEX(키움raw!A:A,2*ROW()-2)="","",TEXT(INDEX(키움raw!D:D,2*ROW()-3),"000000")) | AA12: =IF(INDEX(키움raw!A:A,2*ROW()-2)="","",INDEX(키움raw!A:A,2*ROW()-2))
A13: =IF(INDEX(키움raw!A:A,2*ROW()-2)="","",$B$1) | B13: =IF(INDEX(키움raw!A:A,2*ROW()-2)="","",INDEX(키움raw!A:A,2*ROW()-2)) | C13: =IF(INDEX(키움raw!A:A,2*ROW()-2)="","",INDEX(키움raw!K:K,2*ROW()-2)) | D13: =IF(INDEX(키움raw!A:A,2*ROW()-2)="","",INDEX(키움raw!B:B,2*ROW()-2)) | E13: =IF(INDEX(키움raw!A:A,2*ROW()-2)="","",INDEX(키움raw!D:D,2*ROW()-2)&" "&SUBSTITUTE(SUBSTITUTE(INDEX(키움raw!F:F,2*ROW()-3),"현금매수","장내매수"),"현금매도","장내매도")) | F13: =IF(INDEX(키움raw!A:A,2*ROW()-2)="","",INDEX(키움raw!E:E,2*ROW()-2)) | G13: =IF(INDEX(키움raw!A:A,2*ROW()-2)="","",INDEX(키움raw!F:F,2*ROW()-2)) | X13: =IF(INDEX(키움raw!A:A,2*ROW()-2)="","",TEXT(INDEX(키움raw!D:D,2*ROW()-3),"000000")) | AA13: =IF(INDEX(키움raw!A:A,2*ROW()-2)="","",INDEX(키움raw!A:A,2*ROW()-2))
A14: =IF(INDEX(키움raw!A:A,2*ROW()-2)="","",$B$1) | B14: =IF(INDEX(키움raw!A:A,2*ROW()-2)="","",INDEX(키움raw!A:A,2*ROW()-2)) | C14: =IF(INDEX(키움raw!A:A,2*ROW()-2)="","",INDEX(키움raw!K:K,2*ROW()-2)) | D14: =IF(INDEX(키움raw!A:A,2*ROW()-2)="","",INDEX(키움raw!B:B,2*ROW()-2)) | E14: =IF(INDEX(키움raw!A:A,2*ROW()-2)="","",INDEX(키움raw!D:D,2*ROW()-2)&" "&SUBSTITUTE(SUBSTITUTE(INDEX(키움raw!F:F,2*ROW()-3),"현금매수","장내매수"),"현금매도","장내매도")) | F14: =IF(INDEX(키움raw!A:A,2*ROW()-2)="","",INDEX(키움raw!E:E,2*ROW()-2)) | G14: =IF(INDEX(키움raw!A:A,2*ROW()-2)="","",INDEX(키움raw!F:F,2*ROW()-2)) | X14: =IF(INDEX(키움raw!A:A,2*ROW()-2)="","",TEXT(INDEX(키움raw!D:D,2*ROW()-3),"000000")) | AA14: =IF(INDEX(키움raw!A:A,2*ROW()-2)="","",INDEX(키움raw!A:A,2*ROW()-2))
A15: =IF(INDEX(키움raw!A:A,2*ROW()-2)="","",$B$1) | B15: =IF(INDEX(키움raw!A:A,2*ROW()-2)="","",INDEX(키움raw!A:A,2*ROW()-2)) | C15: =IF(INDEX(키움raw!A:A,2*ROW()-2)="","",INDEX(키움raw!K:K,2*ROW()-2)) | D15: =IF(INDEX(키움raw!A:A,2*ROW()-2)="","",INDEX(키움raw!B:B,2*ROW()-2)) | E15: =IF(INDEX(키움raw!A:A,2*ROW()-2)="","",INDEX(키움raw!D:D,2*ROW()-2)&" "&SUBSTITUTE(SUBSTITUTE(INDEX(키움raw!F:F,2*ROW()-3),"현금매수","장내매수"),"현금매도","장내매도")) | F15: =IF(INDEX(키움raw!A:A,2*ROW()-2)="","",INDEX(키움raw!E:E,2*ROW()-2)) | G15: =IF(INDEX(키움raw!A:A,2*ROW()-2)="","",INDEX(키움raw!F:F,2*ROW()-2)) | X15: =IF(INDEX(키움raw!A:A,2*ROW()-2)="","",TEXT(INDEX(키움raw!D:D,2*ROW()-3),"000000")) | AA15: =IF(INDEX(키움raw!A:A,2*ROW()-2)="","",INDEX(키움raw!A:A,2*ROW()-2))
A16: =IF(INDEX(키움raw!A:A,2*ROW()-2)="","",$B$1) | B16: =IF(INDEX(키움raw!A:A,2*ROW()-2)="","",INDEX(키움raw!A:A,2*ROW()-2)) | C16: =IF(INDEX(키움raw!A:A,2*ROW()-2)="","",INDEX(키움raw!K:K,2*ROW()-2)) | D16: =IF(INDEX(키움raw!A:A,2*ROW()-2)="","",INDEX(키움raw!B:B,2*ROW()-2)) | E16: =IF(INDEX(키움raw!A:A,2*ROW()-2)="","",INDEX(키움raw!D:D,2*ROW()-2)&" "&SUBSTITUTE(SUBSTITUTE(INDEX(키움raw!F:F,2*ROW()-3),"현금매수","장내매수"),"현금매도","장내매도")) | F16: =IF(INDEX(키움raw!A:A,2*ROW()-2)="","",INDEX(키움raw!E:E,2*ROW()-2)) | G16: =IF(INDEX(키움raw!A:A,2*ROW()-2)="","",INDEX(키움raw!F:F,2*ROW()-2)) | X16: =IF(INDEX(키움raw!A:A,2*ROW()-2)="","",TEXT(INDEX(키움raw!D:D,2*ROW()-3),"000000")) | AA16: =IF(INDEX(키움raw!A:A,2*ROW()-2)="","",INDEX(키움raw!A:A,2*ROW()-2))
A17: =IF(INDEX(키움raw!A:A,2*ROW()-2)="","",$B$1) | B17: =IF(INDEX(키움raw!A:A,2*ROW()-2)="","",INDEX(키움raw!A:A,2*ROW()-2)) | C17: =IF(INDEX(키움raw!A:A,2*ROW()-2)="","",INDEX(키움raw!K:K,2*ROW()-2)) | D17: =IF(INDEX(키움raw!A:A,2*ROW()-2)="","",INDEX(키움raw!B:B,2*ROW()-2)) | E17: =IF(INDEX(키움raw!A:A,2*ROW()-2)="","",INDEX(키움raw!D:D,2*ROW()-2)&" "&SUBSTITUTE(SUBSTITUTE(INDEX(키움raw!F:F,2*ROW()-3),"현금매수","장내매수"),"현금매도","장내매도")) | F17: =IF(INDEX(키움raw!A:A,2*ROW()-2)="","",INDEX(키움raw!E:E,2*ROW()-2)) | G17: =IF(INDEX(키움raw!A:A,2*ROW()-2)="","",INDEX(키움raw!F:F,2*ROW()-2)) | X17: =IF(INDEX(키움raw!A:A,2*ROW()-2)="","",TEXT(INDEX(키움raw!D:D,2*ROW()-3),"000000")) | AA17: =IF(INDEX(키움raw!A:A,2*ROW()-2)="","",INDEX(키움raw!A:A,2*ROW()-2))
... A202: =IF(INDEX(키움raw!A:A,2*ROW()-2)="","",$B$1) | B202: =IF(INDEX(키움raw!A:A,2*ROW()-2)="","",INDEX(키움raw!A:A,2*ROW()-2)) | C202: =IF(INDEX(키움raw!A:A,2*ROW()-2)="","",INDEX(키움raw!K:K,2*ROW()-2)) | D202: =IF(INDEX(키움raw!A:A,2*ROW()-2)="","",INDEX(키움raw!B:B,2*ROW()-2)) | E202: =IF(INDEX(키움raw!A:A,2*ROW()-2)="","",INDEX(키움raw!D:D,2*ROW()-2)&" "&SUBSTITUTE(SUBSTITUTE(INDEX(키움raw!F:F,2*ROW()-3),"현금매수","장내매수"),"현금매도","장내매도")) | F202: =IF(INDEX(키움raw!A:A,2*ROW()-2)="","",INDEX(키움raw!E:E,2*ROW()-2)) | G202: =IF(INDEX(키움raw!A:A,2*ROW()-2)="","",INDEX(키움raw!F:F,2*ROW()-2)) | X202: =IF(INDEX(키움raw!A:A,2*ROW()-2)="","",TEXT(INDEX(키움raw!D:D,2*ROW()-3),"000000")) | AA202: =IF(INDEX(키움raw!A:A,2*ROW()-2)="","",INDEX(키움raw!A:A,2*ROW()-2))
